Begin,End,Name
1122366600,1122381000,10
1122615000,1122629400,10
1122987600,1122994800,10
1123164000,1123171200,30
1123219800,1123234200,10
1123576200,1123590600,10
1123565400,1123597800,10
1123651800,1123684200,10
1123824600,1123839000,10
1124181000,1124195400,20
1124343000,1124379000,10
1124379000,1124391600,30
1124429400,1124443800,10
1124785800,1124800200,10
1125034200,1125048600,10
1125408600,1125419400,30
1125574200,1125586800,30
1126764000,1126773000,10
1127284200,1127305800,10
1127388600,1127394000,30
1128344400,1128353400,30
1128418200,1128432600,20
1128666600,1128675600,20
1128952800,1128965400,20
1129271400,1129280400,20
1129750200,1129759200,20
1129876200,1129885200,20
1130092200,1130101200,20
1130131800,1130149800,10
1130160600,1130182200,30
